users,status_code,loop_count,response_time
fissiondimagiqa1+load29@gmail.com,202,234,0.799803
fissiondimagiqa1+load8@gmail.com,202,1624,0.863129
fissiondimagiqa1+load1@gmail.com,202,1,0.803298
fissiondimagiqa1+load5@gmail.com,202,1614,0.866465
fissiondimagiqa1+load16@gmail.com,202,1729,0.846599
fissiondimagiqa1+load8@gmail.com,202,1625,0.786757
fissiondimagiqa1+load29@gmail.com,202,235,0.837555
fissiondimagiqa1+load1@gmail.com,202,2,0.77361
fissiondimagiqa1+load16@gmail.com,202,1730,0.773555
fissiondimagiqa1+load5@gmail.com,202,1615,0.783774
fissiondimagiqa1+load29@gmail.com,202,236,0.834119
fissiondimagiqa1+load8@gmail.com,202,1626,0.849692
fissiondimagiqa1+load5@gmail.com,202,1616,0.797935
fissiondimagiqa1+load16@gmail.com,202,1731,0.811831
fissiondimagiqa1+load1@gmail.com,202,3,0.844816
fissiondimagiqa1+load29@gmail.com,202,237,0.804898
fissiondimagiqa1+load8@gmail.com,202,1627,0.84476
fissiondimagiqa1+load1@gmail.com,202,4,0.758844
fissiondimagiqa1+load5@gmail.com,202,1617,0.80057
fissiondimagiqa1+load16@gmail.com,202,1732,0.809942
fissiondimagiqa1+load29@gmail.com,202,238,0.78827
fissiondimagiqa1+load8@gmail.com,202,1628,0.78163
fissiondimagiqa1+load1@gmail.com,202,5,0.772053
fissiondimagiqa1+load16@gmail.com,202,1733,0.751085
fissiondimagiqa1+load5@gmail.com,202,1618,0.875255
fissiondimagiqa1+load29@gmail.com,202,239,0.732146
fissiondimagiqa1+load8@gmail.com,202,1629,0.788048
fissiondimagiqa1+load1@gmail.com,202,6,1.097786
fissiondimagiqa1+load16@gmail.com,202,1734,1.10026
fissiondimagiqa1+load5@gmail.com,202,1619,0.982622
fissiondimagiqa1+load29@gmail.com,202,240,1.087377
fissiondimagiqa1+load8@gmail.com,202,1630,1.015489
fissiondimagiqa1+load1@gmail.com,202,7,0.870431
fissiondimagiqa1+load16@gmail.com,202,1735,0.862194
fissiondimagiqa1+load5@gmail.com,202,1620,0.862194
fissiondimagiqa1+load8@gmail.com,202,1631,0.837862
fissiondimagiqa1+load29@gmail.com,202,241,0.868864
fissiondimagiqa1+load16@gmail.com,202,1736,0.801078
fissiondimagiqa1+load5@gmail.com,202,1621,0.802528
fissiondimagiqa1+load1@gmail.com,202,8,0.849489
fissiondimagiqa1+load8@gmail.com,202,1632,0.901394
fissiondimagiqa1+load29@gmail.com,202,242,0.875911
fissiondimagiqa1+load16@gmail.com,202,1737,0.939019
fissiondimagiqa1+load1@gmail.com,202,9,0.899091
fissiondimagiqa1+load5@gmail.com,202,1622,0.936029
fissiondimagiqa1+load8@gmail.com,202,1633,0.917038
fissiondimagiqa1+load29@gmail.com,202,243,0.911519
fissiondimagiqa1+load5@gmail.com,202,1623,0.888409
fissiondimagiqa1+load16@gmail.com,202,1738,0.924608
fissiondimagiqa1+load1@gmail.com,202,10,0.920168
fissiondimagiqa1+load29@gmail.com,202,244,0.871259
fissiondimagiqa1+load8@gmail.com,202,1634,0.915383
fissiondimagiqa1+load1@gmail.com,202,11,0.844643
fissiondimagiqa1+load16@gmail.com,202,1739,1.01057
fissiondimagiqa1+load5@gmail.com,202,1624,1.01608
fissiondimagiqa1+load8@gmail.com,202,1635,0.944191
fissiondimagiqa1+load29@gmail.com,202,245,0.996454
fissiondimagiqa1+load16@gmail.com,202,1740,0.791985
fissiondimagiqa1+load1@gmail.com,202,12,0.811106
fissiondimagiqa1+load5@gmail.com,202,1625,0.803856
fissiondimagiqa1+load8@gmail.com,202,1636,0.803285
fissiondimagiqa1+load29@gmail.com,202,246,0.857324
fissiondimagiqa1+load16@gmail.com,202,1741,0.759469
fissiondimagiqa1+load5@gmail.com,202,1626,0.759015
fissiondimagiqa1+load1@gmail.com,202,13,0.796025
fissiondimagiqa1+load8@gmail.com,202,1637,0.800544
fissiondimagiqa1+load29@gmail.com,202,247,0.792639
fissiondimagiqa1+load16@gmail.com,202,1742,0.738619
fissiondimagiqa1+load1@gmail.com,202,14,0.756841
fissiondimagiqa1+load5@gmail.com,202,1627,0.799843
fissiondimagiqa1+load29@gmail.com,202,248,0.780282
fissiondimagiqa1+load8@gmail.com,202,1638,0.864933
fissiondimagiqa1+load16@gmail.com,202,1743,0.835226
fissiondimagiqa1+load1@gmail.com,202,15,0.758493
fissiondimagiqa1+load5@gmail.com,202,1628,0.771815
fissiondimagiqa1+load8@gmail.com,202,1639,0.776402
fissiondimagiqa1+load29@gmail.com,202,249,0.840007
fissiondimagiqa1+load5@gmail.com,202,1629,0.745496
fissiondimagiqa1+load1@gmail.com,202,16,0.807291
fissiondimagiqa1+load16@gmail.com,202,1744,0.822935
fissiondimagiqa1+load8@gmail.com,202,1640,0.762856
fissiondimagiqa1+load29@gmail.com,202,250,0.777905
fissiondimagiqa1+load1@gmail.com,202,17,0.743418
fissiondimagiqa1+load5@gmail.com,202,1630,0.774955
fissiondimagiqa1+load16@gmail.com,202,1745,0.82232
fissiondimagiqa1+load5@gmail.com,202,1631,0.823425
fissiondimagiqa1+load1@gmail.com,202,18,0.843921
fissiondimagiqa1+load8@gmail.com,202,1641,0.956718
fissiondimagiqa1+load29@gmail.com,202,251,0.916889
fissiondimagiqa1+load16@gmail.com,202,1746,0.77312
fissiondimagiqa1+load29@gmail.com,202,252,0.885065
fissiondimagiqa1+load5@gmail.com,202,1632,0.90413
fissiondimagiqa1+load8@gmail.com,202,1642,0.89247
fissiondimagiqa1+load16@gmail.com,202,1747,0.8703
fissiondimagiqa1+load1@gmail.com,202,19,0.944931
fissiondimagiqa1+load29@gmail.com,202,253,0.945722
fissiondimagiqa1+load5@gmail.com,202,1633,0.945722
fissiondimagiqa1+load8@gmail.com,202,1643,0.955765
fissiondimagiqa1+load16@gmail.com,202,1748,0.940155
fissiondimagiqa1+load1@gmail.com,202,20,0.914622
fissiondimagiqa1+load5@gmail.com,202,1634,0.821511
fissiondimagiqa1+load8@gmail.com,202,1644,0.819503
fissiondimagiqa1+load1@gmail.com,202,21,0.815111
fissiondimagiqa1+load29@gmail.com,202,254,0.84115
fissiondimagiqa1+load16@gmail.com,202,1749,0.834732
fissiondimagiqa1+load29@gmail.com,202,255,0.897384
fissiondimagiqa1+load16@gmail.com,202,1750,0.891885
fissiondimagiqa1+load5@gmail.com,202,1635,0.933431
fissiondimagiqa1+load8@gmail.com,202,1645,0.929658
fissiondimagiqa1+load1@gmail.com,202,22,0.929658
fissiondimagiqa1+load29@gmail.com,202,256,0.820282
fissiondimagiqa1+load8@gmail.com,202,1646,0.805364
fissiondimagiqa1+load5@gmail.com,202,1636,0.81548
fissiondimagiqa1+load1@gmail.com,202,23,0.811556
fissiondimagiqa1+load16@gmail.com,202,1751,0.839775
fissiondimagiqa1+load29@gmail.com,202,257,0.799522
fissiondimagiqa1+load16@gmail.com,202,1752,0.810199
fissiondimagiqa1+load8@gmail.com,202,1647,0.838413
fissiondimagiqa1+load1@gmail.com,202,24,0.872662
fissiondimagiqa1+load5@gmail.com,202,1637,0.895916
fissiondimagiqa1+load29@gmail.com,202,258,0.752215
fissiondimagiqa1+load16@gmail.com,202,1753,0.749757
fissiondimagiqa1+load8@gmail.com,202,1648,0.813238
fissiondimagiqa1+load5@gmail.com,202,1638,0.75311
fissiondimagiqa1+load1@gmail.com,202,25,0.811314
fissiondimagiqa1+load29@gmail.com,202,259,0.771852
fissiondimagiqa1+load16@gmail.com,202,1754,0.759933
fissiondimagiqa1+load5@gmail.com,202,1639,0.735247
fissiondimagiqa1+load8@gmail.com,202,1649,0.748495
fissiondimagiqa1+load1@gmail.com,202,26,0.763798
fissiondimagiqa1+load29@gmail.com,202,260,0.764779
fissiondimagiqa1+load16@gmail.com,202,1755,0.809931
fissiondimagiqa1+load5@gmail.com,202,1640,0.779895
fissiondimagiqa1+load8@gmail.com,202,1650,0.778393
fissiondimagiqa1+load1@gmail.com,202,27,0.800244
fissiondimagiqa1+load29@gmail.com,202,261,0.801078
fissiondimagiqa1+load16@gmail.com,202,1756,0.768616
fissiondimagiqa1+load5@gmail.com,202,1641,0.760129
fissiondimagiqa1+load8@gmail.com,202,1651,0.797171
fissiondimagiqa1+load1@gmail.com,202,28,0.797259
fissiondimagiqa1+load29@gmail.com,202,262,0.758224
fissiondimagiqa1+load16@gmail.com,202,1757,0.764864
fissiondimagiqa1+load5@gmail.com,202,1642,0.759165
fissiondimagiqa1+load8@gmail.com,202,1652,0.768767
fissiondimagiqa1+load1@gmail.com,202,29,0.772381
fissiondimagiqa1+load5@gmail.com,202,1643,0.814933
fissiondimagiqa1+load29@gmail.com,202,263,0.862996
fissiondimagiqa1+load16@gmail.com,202,1758,0.860034
fissiondimagiqa1+load8@gmail.com,202,1653,0.847446
fissiondimagiqa1+load1@gmail.com,202,30,0.768805
fissiondimagiqa1+load29@gmail.com,202,264,0.758133
fissiondimagiqa1+load5@gmail.com,202,1644,0.77257
fissiondimagiqa1+load1@gmail.com,202,31,0.774783
fissiondimagiqa1+load16@gmail.com,202,1759,0.827853
fissiondimagiqa1+load8@gmail.com,202,1654,0.848687
fissiondimagiqa1+load5@gmail.com,202,1645,0.87556
fissiondimagiqa1+load29@gmail.com,202,265,0.898435
fissiondimagiqa1+load8@gmail.com,202,1655,1.015097
fissiondimagiqa1+load16@gmail.com,202,1760,1.061825
fissiondimagiqa1+load1@gmail.com,202,32,1.073807
fissiondimagiqa1+load29@gmail.com,202,266,0.866133
fissiondimagiqa1+load5@gmail.com,202,1646,0.877528
fissiondimagiqa1+load1@gmail.com,202,33,0.793601
fissiondimagiqa1+load16@gmail.com,202,1761,0.841549
fissiondimagiqa1+load8@gmail.com,202,1656,0.856797
fissiondimagiqa1+load29@gmail.com,202,267,0.822254
fissiondimagiqa1+load5@gmail.com,202,1647,0.830651
fissiondimagiqa1+load16@gmail.com,202,1762,0.785132
fissiondimagiqa1+load1@gmail.com,202,34,0.826966
fissiondimagiqa1+load8@gmail.com,202,1657,0.789611
fissiondimagiqa1+load29@gmail.com,202,268,0.812459
fissiondimagiqa1+load5@gmail.com,202,1648,0.807273
fissiondimagiqa1+load16@gmail.com,202,1763,0.817618
fissiondimagiqa1+load1@gmail.com,202,35,0.818618
fissiondimagiqa1+load8@gmail.com,202,1658,0.810054
fissiondimagiqa1+load29@gmail.com,202,269,0.806173
fissiondimagiqa1+load5@gmail.com,202,1649,0.816802
fissiondimagiqa1+load16@gmail.com,202,1764,0.757018
fissiondimagiqa1+load1@gmail.com,202,36,0.757018
fissiondimagiqa1+load8@gmail.com,202,1659,0.775106
fissiondimagiqa1+load29@gmail.com,202,270,0.739008
fissiondimagiqa1+load5@gmail.com,202,1650,0.796165
fissiondimagiqa1+load16@gmail.com,202,1765,0.736034
fissiondimagiqa1+load1@gmail.com,202,37,0.783507
fissiondimagiqa1+load8@gmail.com,202,1660,0.79016
fissiondimagiqa1+load29@gmail.com,202,271,0.773353
fissiondimagiqa1+load5@gmail.com,202,1651,0.750231
fissiondimagiqa1+load16@gmail.com,202,1766,0.776806
fissiondimagiqa1+load1@gmail.com,202,38,0.744196
fissiondimagiqa1+load8@gmail.com,202,1661,0.776201
fissiondimagiqa1+load29@gmail.com,202,272,0.754697
fissiondimagiqa1+load5@gmail.com,202,1652,0.73945
fissiondimagiqa1+load16@gmail.com,202,1767,0.799418
fissiondimagiqa1+load1@gmail.com,202,39,0.783819
fissiondimagiqa1+load8@gmail.com,202,1662,0.783922
fissiondimagiqa1+load29@gmail.com,202,273,0.769208
fissiondimagiqa1+load5@gmail.com,202,1653,0.762278
fissiondimagiqa1+load1@gmail.com,202,40,0.752317
fissiondimagiqa1+load16@gmail.com,202,1768,0.774056
fissiondimagiqa1+load8@gmail.com,202,1663,0.788386
fissiondimagiqa1+load5@gmail.com,202,1654,0.863773
fissiondimagiqa1+load29@gmail.com,202,274,0.885001
fissiondimagiqa1+load1@gmail.com,202,41,1.271426
fissiondimagiqa1+load16@gmail.com,202,1769,1.271426
fissiondimagiqa1+load8@gmail.com,202,1664,1.187627
fissiondimagiqa1+load29@gmail.com,202,275,1.127017
fissiondimagiqa1+load5@gmail.com,202,1655,1.158455
fissiondimagiqa1+load1@gmail.com,202,42,0.837335
fissiondimagiqa1+load8@gmail.com,202,1665,0.826987
fissiondimagiqa1+load16@gmail.com,202,1770,0.845835
fissiondimagiqa1+load5@gmail.com,202,1656,0.793114
fissiondimagiqa1+load29@gmail.com,202,276,0.839818
fissiondimagiqa1+load8@gmail.com,202,1666,0.892059
fissiondimagiqa1+load1@gmail.com,202,43,0.905156
fissiondimagiqa1+load16@gmail.com,202,1771,0.902913
fissiondimagiqa1+load5@gmail.com,202,1657,0.919965
fissiondimagiqa1+load29@gmail.com,202,277,0.919179
fissiondimagiqa1+load8@gmail.com,202,1667,0.793661
fissiondimagiqa1+load1@gmail.com,202,44,0.806604
fissiondimagiqa1+load16@gmail.com,202,1772,0.809287
fissiondimagiqa1+load5@gmail.com,202,1658,0.784733
fissiondimagiqa1+load29@gmail.com,202,278,0.777359
fissiondimagiqa1+load1@gmail.com,202,45,0.7425
fissiondimagiqa1+load16@gmail.com,202,1773,0.745541
fissiondimagiqa1+load8@gmail.com,202,1668,0.796531
fissiondimagiqa1+load5@gmail.com,202,1659,0.825994
fissiondimagiqa1+load29@gmail.com,202,279,0.815521
fissiondimagiqa1+load8@gmail.com,202,1669,0.825218
fissiondimagiqa1+load1@gmail.com,202,46,0.873067
fissiondimagiqa1+load16@gmail.com,202,1774,0.869764
fissiondimagiqa1+load5@gmail.com,202,1660,0.76985
fissiondimagiqa1+load29@gmail.com,202,280,0.769826
fissiondimagiqa1+load1@gmail.com,202,47,0.766706
fissiondimagiqa1+load8@gmail.com,202,1670,0.786845
fissiondimagiqa1+load16@gmail.com,202,1775,0.805831
fissiondimagiqa1+load5@gmail.com,202,1661,0.870772
fissiondimagiqa1+load29@gmail.com,202,281,0.871225
fissiondimagiqa1+load8@gmail.com,202,1671,0.865273
fissiondimagiqa1+load16@gmail.com,202,1776,0.855836
fissiondimagiqa1+load1@gmail.com,202,48,0.905239
fissiondimagiqa1+load29@gmail.com,202,282,0.878603
fissiondimagiqa1+load5@gmail.com,202,1662,0.899959
fissiondimagiqa1+load8@gmail.com,202,1672,0.816409
fissiondimagiqa1+load1@gmail.com,202,49,0.821241
fissiondimagiqa1+load16@gmail.com,202,1777,0.855575
fissiondimagiqa1+load5@gmail.com,202,1663,0.815579
fissiondimagiqa1+load29@gmail.com,202,283,0.850953
fissiondimagiqa1+load1@gmail.com,202,50,0.869677
fissiondimagiqa1+load8@gmail.com,202,1673,0.91067
fissiondimagiqa1+load16@gmail.com,202,1778,0.870388
fissiondimagiqa1+load29@gmail.com,202,284,0.755654
fissiondimagiqa1+load5@gmail.com,202,1664,0.768359
fissiondimagiqa1+load1@gmail.com,202,51,0.738233
fissiondimagiqa1+load8@gmail.com,202,1674,0.746736
fissiondimagiqa1+load16@gmail.com,202,1779,0.775486
fissiondimagiqa1+load29@gmail.com,202,285,0.762932
fissiondimagiqa1+load5@gmail.com,202,1665,0.795348
fissiondimagiqa1+load8@gmail.com,202,1675,0.712751
fissiondimagiqa1+load1@gmail.com,202,52,0.777892
fissiondimagiqa1+load16@gmail.com,202,1780,0.775693
fissiondimagiqa1+load29@gmail.com,202,286,0.768366
fissiondimagiqa1+load5@gmail.com,202,1666,0.770675
fissiondimagiqa1+load8@gmail.com,202,1676,0.749279
fissiondimagiqa1+load1@gmail.com,202,53,0.798054
fissiondimagiqa1+load16@gmail.com,202,1781,0.736344
fissiondimagiqa1+load5@gmail.com,202,1667,0.831812
fissiondimagiqa1+load29@gmail.com,202,287,0.863867
fissiondimagiqa1+load8@gmail.com,202,1677,0.946685
fissiondimagiqa1+load1@gmail.com,202,54,0.864754
fissiondimagiqa1+load16@gmail.com,202,1782,0.864015
fissiondimagiqa1+load29@gmail.com,202,288,0.795759
fissiondimagiqa1+load5@gmail.com,202,1668,0.795759
fissiondimagiqa1+load8@gmail.com,202,1678,0.73463
fissiondimagiqa1+load1@gmail.com,202,55,0.777274
fissiondimagiqa1+load16@gmail.com,202,1783,0.816661
fissiondimagiqa1+load5@gmail.com,202,1669,0.789094
fissiondimagiqa1+load29@gmail.com,202,289,0.812511
fissiondimagiqa1+load8@gmail.com,202,1679,0.766281
fissiondimagiqa1+load1@gmail.com,202,56,0.812102
fissiondimagiqa1+load16@gmail.com,202,1784,0.785961
fissiondimagiqa1+load5@gmail.com,202,1670,0.71454
fissiondimagiqa1+load29@gmail.com,202,290,0.787175
fissiondimagiqa1+load8@gmail.com,202,1680,0.787194
fissiondimagiqa1+load1@gmail.com,202,57,0.737527
fissiondimagiqa1+load16@gmail.com,202,1785,0.790639
fissiondimagiqa1+load5@gmail.com,202,1671,0.954414
fissiondimagiqa1+load29@gmail.com,202,291,0.883445
fissiondimagiqa1+load8@gmail.com,202,1681,0.970034
fissiondimagiqa1+load1@gmail.com,202,58,0.91761
fissiondimagiqa1+load16@gmail.com,202,1786,0.892832
fissiondimagiqa1+load5@gmail.com,202,1672,0.778866
fissiondimagiqa1+load29@gmail.com,202,292,0.787823
fissiondimagiqa1+load8@gmail.com,202,1682,0.77945
fissiondimagiqa1+load1@gmail.com,202,59,0.792434
fissiondimagiqa1+load16@gmail.com,202,1787,0.74535
fissiondimagiqa1+load5@gmail.com,202,1673,0.787168
fissiondimagiqa1+load29@gmail.com,202,293,0.831337
fissiondimagiqa1+load16@gmail.com,202,1788,0.739489
fissiondimagiqa1+load8@gmail.com,202,1683,0.766142
fissiondimagiqa1+load1@gmail.com,202,60,0.7731
fissiondimagiqa1+load5@gmail.com,202,1674,0.775195
fissiondimagiqa1+load29@gmail.com,202,294,0.761866
fissiondimagiqa1+load8@gmail.com,202,1684,0.789602
fissiondimagiqa1+load16@gmail.com,202,1789,0.827227
fissiondimagiqa1+load1@gmail.com,202,61,0.816557
fissiondimagiqa1+load29@gmail.com,202,295,0.775288
fissiondimagiqa1+load5@gmail.com,202,1675,0.806668
fissiondimagiqa1+load8@gmail.com,202,1685,0.830607
fissiondimagiqa1+load16@gmail.com,202,1790,0.829887
fissiondimagiqa1+load1@gmail.com,202,62,0.821217
fissiondimagiqa1+load29@gmail.com,202,296,0.74635
fissiondimagiqa1+load5@gmail.com,202,1676,0.817211
fissiondimagiqa1+load1@gmail.com,202,63,0.719435
fissiondimagiqa1+load8@gmail.com,202,1686,0.772759
fissiondimagiqa1+load16@gmail.com,202,1791,0.814271
fissiondimagiqa1+load29@gmail.com,202,297,0.887455
fissiondimagiqa1+load5@gmail.com,202,1677,0.829775
fissiondimagiqa1+load8@gmail.com,202,1687,0.846225
fissiondimagiqa1+load1@gmail.com,202,64,0.887901
fissiondimagiqa1+load16@gmail.com,202,1792,0.812586
fissiondimagiqa1+load29@gmail.com,202,298,0.757084
fissiondimagiqa1+load5@gmail.com,202,1678,0.765002
fissiondimagiqa1+load1@gmail.com,202,65,0.729786
fissiondimagiqa1+load8@gmail.com,202,1688,0.746133
fissiondimagiqa1+load16@gmail.com,202,1793,0.747828
fissiondimagiqa1+load29@gmail.com,202,299,0.790721
fissiondimagiqa1+load5@gmail.com,202,1679,0.806065
fissiondimagiqa1+load8@gmail.com,202,1689,0.774813
fissiondimagiqa1+load16@gmail.com,202,1794,0.758969
fissiondimagiqa1+load1@gmail.com,202,66,0.80171
fissiondimagiqa1+load29@gmail.com,202,300,0.753132
fissiondimagiqa1+load5@gmail.com,202,1680,0.786495
fissiondimagiqa1+load16@gmail.com,202,1795,0.726992
fissiondimagiqa1+load1@gmail.com,202,67,0.747478
fissiondimagiqa1+load8@gmail.com,202,1690,0.769564
fissiondimagiqa1+load5@gmail.com,202,1681,0.803151
fissiondimagiqa1+load29@gmail.com,202,301,0.864932
fissiondimagiqa1+load16@gmail.com,202,1796,0.88589
fissiondimagiqa1+load8@gmail.com,202,1691,0.870346
fissiondimagiqa1+load1@gmail.com,202,68,0.870346
fissiondimagiqa1+load29@gmail.com,202,302,0.863836
fissiondimagiqa1+load5@gmail.com,202,1682,0.879591
fissiondimagiqa1+load1@gmail.com,202,69,0.880546
fissiondimagiqa1+load16@gmail.com,202,1797,0.902146
fissiondimagiqa1+load8@gmail.com,202,1692,0.886353
fissiondimagiqa1+load29@gmail.com,202,303,0.88357
fissiondimagiqa1+load5@gmail.com,202,1683,0.875327
fissiondimagiqa1+load1@gmail.com,202,70,0.857307
fissiondimagiqa1+load8@gmail.com,202,1693,0.856816
fissiondimagiqa1+load16@gmail.com,202,1798,0.872566
fissiondimagiqa1+load29@gmail.com,202,304,0.747671
fissiondimagiqa1+load5@gmail.com,202,1684,0.755784
fissiondimagiqa1+load8@gmail.com,202,1694,0.731927
fissiondimagiqa1+load1@gmail.com,202,71,0.780897
fissiondimagiqa1+load16@gmail.com,202,1799,0.794908
fissiondimagiqa1+load29@gmail.com,202,305,0.758862
fissiondimagiqa1+load5@gmail.com,202,1685,0.777474
fissiondimagiqa1+load8@gmail.com,202,1695,0.798793
fissiondimagiqa1+load1@gmail.com,202,72,0.772557
fissiondimagiqa1+load16@gmail.com,202,1800,0.768504
fissiondimagiqa1+load5@gmail.com,202,1686,0.790485
fissiondimagiqa1+load29@gmail.com,202,306,0.849209
fissiondimagiqa1+load16@gmail.com,202,1801,0.805908
fissiondimagiqa1+load8@gmail.com,202,1696,0.865749
fissiondimagiqa1+load1@gmail.com,202,73,0.857291
fissiondimagiqa1+load5@gmail.com,202,1687,0.894919
fissiondimagiqa1+load29@gmail.com,202,307,0.902323
fissiondimagiqa1+load8@gmail.com,202,1697,0.914911
fissiondimagiqa1+load1@gmail.com,202,74,0.92293
fissiondimagiqa1+load16@gmail.com,202,1802,0.94664
fissiondimagiqa1+load5@gmail.com,202,1688,0.87175
fissiondimagiqa1+load29@gmail.com,202,308,0.857579
fissiondimagiqa1+load8@gmail.com,202,1698,0.770728
fissiondimagiqa1+load16@gmail.com,202,1803,0.763059
fissiondimagiqa1+load1@gmail.com,202,75,0.788254
fissiondimagiqa1+load5@gmail.com,202,1689,0.794717
fissiondimagiqa1+load29@gmail.com,202,309,0.815442
fissiondimagiqa1+load16@gmail.com,202,1804,0.815243
fissiondimagiqa1+load1@gmail.com,202,76,0.815933
fissiondimagiqa1+load8@gmail.com,202,1699,0.857042
fissiondimagiqa1+load5@gmail.com,202,1690,0.883588
fissiondimagiqa1+load29@gmail.com,202,310,0.880685
fissiondimagiqa1+load16@gmail.com,202,1805,0.895192
fissiondimagiqa1+load1@gmail.com,202,77,0.91545
fissiondimagiqa1+load8@gmail.com,202,1700,0.914499
fissiondimagiqa1+load29@gmail.com,202,311,0.782927
fissiondimagiqa1+load5@gmail.com,202,1691,0.800803
fissiondimagiqa1+load1@gmail.com,202,78,0.75591
fissiondimagiqa1+load8@gmail.com,202,1701,0.756788
fissiondimagiqa1+load16@gmail.com,202,1806,0.839336
fissiondimagiqa1+load29@gmail.com,202,312,0.788401
fissiondimagiqa1+load5@gmail.com,202,1692,0.784779
fissiondimagiqa1+load1@gmail.com,202,79,0.801714
fissiondimagiqa1+load16@gmail.com,202,1807,0.734677
fissiondimagiqa1+load8@gmail.com,202,1702,0.802445
fissiondimagiqa1+load29@gmail.com,202,313,0.896806
fissiondimagiqa1+load5@gmail.com,202,1693,0.880621
fissiondimagiqa1+load16@gmail.com,202,1808,0.865721
fissiondimagiqa1+load1@gmail.com,202,80,0.881943
fissiondimagiqa1+load8@gmail.com,202,1703,0.881423
fissiondimagiqa1+load29@gmail.com,202,314,0.811947
fissiondimagiqa1+load5@gmail.com,202,1694,0.811947
fissiondimagiqa1+load1@gmail.com,202,81,0.862306
fissiondimagiqa1+load16@gmail.com,202,1809,0.862306
fissiondimagiqa1+load8@gmail.com,202,1704,0.860146
fissiondimagiqa1+load5@gmail.com,202,1695,0.804205
fissiondimagiqa1+load29@gmail.com,202,315,0.867018
fissiondimagiqa1+load8@gmail.com,202,1705,0.816024
fissiondimagiqa1+load16@gmail.com,202,1810,0.829566
fissiondimagiqa1+load1@gmail.com,202,82,0.836085
fissiondimagiqa1+load5@gmail.com,202,1696,0.829764
fissiondimagiqa1+load29@gmail.com,202,316,0.781213
fissiondimagiqa1+load16@gmail.com,202,1811,0.758107
fissiondimagiqa1+load1@gmail.com,202,83,0.77119
fissiondimagiqa1+load8@gmail.com,202,1706,0.791012
fissiondimagiqa1+load29@gmail.com,202,317,0.796916
fissiondimagiqa1+load5@gmail.com,202,1697,0.831258
fissiondimagiqa1+load1@gmail.com,202,84,0.825853
fissiondimagiqa1+load16@gmail.com,202,1812,0.836328
fissiondimagiqa1+load8@gmail.com,202,1707,0.823567
fissiondimagiqa1+load5@gmail.com,202,1698,0.795972
fissiondimagiqa1+load29@gmail.com,202,318,0.818777
fissiondimagiqa1+load1@gmail.com,202,85,0.849587
fissiondimagiqa1+load16@gmail.com,202,1813,0.837546
fissiondimagiqa1+load8@gmail.com,202,1708,0.853133
fissiondimagiqa1+load29@gmail.com,202,319,0.906483
fissiondimagiqa1+load5@gmail.com,202,1699,0.917423
fissiondimagiqa1+load16@gmail.com,202,1814,0.915597
fissiondimagiqa1+load1@gmail.com,202,86,0.915597
fissiondimagiqa1+load8@gmail.com,202,1709,0.914476
fissiondimagiqa1+load5@gmail.com,202,1700,0.937501
fissiondimagiqa1+load29@gmail.com,202,320,0.944859
fissiondimagiqa1+load8@gmail.com,202,1710,0.908761
fissiondimagiqa1+load1@gmail.com,202,87,0.935923
fissiondimagiqa1+load16@gmail.com,202,1815,0.940443
fissiondimagiqa1+load5@gmail.com,202,1701,0.883433
fissiondimagiqa1+load29@gmail.com,202,321,0.883433
fissiondimagiqa1+load8@gmail.com,202,1711,0.793095
fissiondimagiqa1+load16@gmail.com,202,1816,0.808356
fissiondimagiqa1+load1@gmail.com,202,88,0.831224
fissiondimagiqa1+load29@gmail.com,202,322,0.78945
fissiondimagiqa1+load5@gmail.com,202,1702,0.797485
fissiondimagiqa1+load16@gmail.com,202,1817,0.815667
fissiondimagiqa1+load8@gmail.com,202,1712,0.853079
fissiondimagiqa1+load1@gmail.com,202,89,0.7929
fissiondimagiqa1+load5@gmail.com,202,1703,0.782035
fissiondimagiqa1+load29@gmail.com,202,323,0.821312
fissiondimagiqa1+load1@gmail.com,202,90,0.760708
fissiondimagiqa1+load8@gmail.com,202,1713,0.776631
fissiondimagiqa1+load16@gmail.com,202,1818,0.790842
fissiondimagiqa1+load5@gmail.com,202,1704,0.795011
fissiondimagiqa1+load29@gmail.com,202,324,0.77257
fissiondimagiqa1+load1@gmail.com,202,91,0.837105
fissiondimagiqa1+load16@gmail.com,202,1819,0.820416
fissiondimagiqa1+load8@gmail.com,202,1714,0.82544
fissiondimagiqa1+load29@gmail.com,202,325,0.910668
fissiondimagiqa1+load5@gmail.com,202,1705,0.924597
fissiondimagiqa1+load1@gmail.com,202,92,0.950878
fissiondimagiqa1+load8@gmail.com,202,1715,0.941018
fissiondimagiqa1+load16@gmail.com,202,1820,0.956668
fissiondimagiqa1+load5@gmail.com,202,1706,0.864551
fissiondimagiqa1+load29@gmail.com,202,326,0.881269
fissiondimagiqa1+load1@gmail.com,202,93,1.193935
fissiondimagiqa1+load16@gmail.com,202,1821,1.180091
fissiondimagiqa1+load8@gmail.com,202,1716,1.20332
fissiondimagiqa1+load29@gmail.com,202,327,1.171254
fissiondimagiqa1+load5@gmail.com,202,1707,1.179504
fissiondimagiqa1+load16@gmail.com,202,1822,0.854924
fissiondimagiqa1+load1@gmail.com,202,94,0.863894
fissiondimagiqa1+load8@gmail.com,202,1717,0.863339
fissiondimagiqa1+load29@gmail.com,202,328,0.869511
fissiondimagiqa1+load5@gmail.com,202,1708,0.875798
fissiondimagiqa1+load8@gmail.com,202,1718,0.783162
fissiondimagiqa1+load1@gmail.com,202,95,0.79768
fissiondimagiqa1+load16@gmail.com,202,1823,0.826901
fissiondimagiqa1+load29@gmail.com,202,329,0.786386
fissiondimagiqa1+load5@gmail.com,202,1709,0.771849
fissiondimagiqa1+load1@gmail.com,202,96,0.764207
fissiondimagiqa1+load16@gmail.com,202,1824,0.744937
fissiondimagiqa1+load8@gmail.com,202,1719,0.788815
fissiondimagiqa1+load29@gmail.com,202,330,0.793341
fissiondimagiqa1+load5@gmail.com,202,1710,0.787731
fissiondimagiqa1+load8@gmail.com,202,1720,0.85955
fissiondimagiqa1+load1@gmail.com,202,97,0.888759
fissiondimagiqa1+load16@gmail.com,202,1825,0.89774
fissiondimagiqa1+load5@gmail.com,202,1711,0.830605
fissiondimagiqa1+load29@gmail.com,202,331,0.863778
fissiondimagiqa1+load1@gmail.com,202,98,0.755028
fissiondimagiqa1+load8@gmail.com,202,1721,0.797656
fissiondimagiqa1+load16@gmail.com,202,1826,0.780056
fissiondimagiqa1+load29@gmail.com,202,332,0.76422
fissiondimagiqa1+load5@gmail.com,202,1712,0.809853
fissiondimagiqa1+load1@gmail.com,202,99,0.727794
fissiondimagiqa1+load8@gmail.com,202,1722,0.772835
fissiondimagiqa1+load16@gmail.com,202,1827,0.794669
fissiondimagiqa1+load29@gmail.com,202,333,0.723481
fissiondimagiqa1+load5@gmail.com,202,1713,0.736884
fissiondimagiqa1+load1@gmail.com,202,100,0.801681
fissiondimagiqa1+load16@gmail.com,202,1828,0.736887
fissiondimagiqa1+load8@gmail.com,202,1723,0.820341
fissiondimagiqa1+load29@gmail.com,202,334,0.792957
fissiondimagiqa1+load5@gmail.com,202,1714,0.793313
fissiondimagiqa1+load1@gmail.com,202,101,0.766512
fissiondimagiqa1+load16@gmail.com,202,1829,0.750821
fissiondimagiqa1+load8@gmail.com,202,1724,0.785295
fissiondimagiqa1+load5@gmail.com,202,1715,0.81333
fissiondimagiqa1+load29@gmail.com,202,335,0.861354
fissiondimagiqa1+load1@gmail.com,202,102,0.761217
fissiondimagiqa1+load16@gmail.com,202,1830,0.76185
fissiondimagiqa1+load8@gmail.com,202,1725,0.769469
fissiondimagiqa1+load29@gmail.com,202,336,0.81354
fissiondimagiqa1+load5@gmail.com,202,1716,0.829206
fissiondimagiqa1+load1@gmail.com,202,103,0.797631
fissiondimagiqa1+load16@gmail.com,202,1831,0.792083
fissiondimagiqa1+load8@gmail.com,202,1726,0.759167
fissiondimagiqa1+load5@gmail.com,202,1717,0.753003
fissiondimagiqa1+load29@gmail.com,202,337,0.769217
fissiondimagiqa1+load1@gmail.com,202,104,0.805929
fissiondimagiqa1+load16@gmail.com,202,1832,0.82084
fissiondimagiqa1+load8@gmail.com,202,1727,0.76637
fissiondimagiqa1+load5@gmail.com,202,1718,0.766699
fissiondimagiqa1+load29@gmail.com,202,338,0.782761
fissiondimagiqa1+load16@gmail.com,202,1833,0.778137
fissiondimagiqa1+load1@gmail.com,202,105,0.782615
fissiondimagiqa1+load8@gmail.com,202,1728,0.800539
fissiondimagiqa1+load5@gmail.com,202,1719,0.788222
fissiondimagiqa1+load29@gmail.com,202,339,0.783694
fissiondimagiqa1+load1@gmail.com,202,106,0.780528
fissiondimagiqa1+load16@gmail.com,202,1834,0.789743
fissiondimagiqa1+load8@gmail.com,202,1729,0.763758
fissiondimagiqa1+load5@gmail.com,202,1720,0.772035
fissiondimagiqa1+load29@gmail.com,202,340,0.767041
fissiondimagiqa1+load1@gmail.com,202,107,0.743094
fissiondimagiqa1+load16@gmail.com,202,1835,0.753933
fissiondimagiqa1+load8@gmail.com,202,1730,0.74093
fissiondimagiqa1+load29@gmail.com,202,341,0.766867
fissiondimagiqa1+load5@gmail.com,202,1721,0.791648
fissiondimagiqa1+load1@gmail.com,202,108,0.93139
fissiondimagiqa1+load16@gmail.com,202,1836,0.927777
fissiondimagiqa1+load8@gmail.com,202,1731,0.915716
fissiondimagiqa1+load29@gmail.com,202,342,0.812031
fissiondimagiqa1+load5@gmail.com,202,1722,0.834759
fissiondimagiqa1+load8@gmail.com,202,1732,0.733145
fissiondimagiqa1+load1@gmail.com,202,109,0.758509
fissiondimagiqa1+load16@gmail.com,202,1837,0.753004
fissiondimagiqa1+load29@gmail.com,202,343,0.779569
fissiondimagiqa1+load5@gmail.com,202,1723,0.750587
fissiondimagiqa1+load8@gmail.com,202,1733,0.776472
fissiondimagiqa1+load16@gmail.com,202,1838,0.758594
fissiondimagiqa1+load1@gmail.com,202,110,0.780882
fissiondimagiqa1+load5@gmail.com,202,1724,0.761139
fissiondimagiqa1+load29@gmail.com,202,344,0.796537
fissiondimagiqa1+load8@gmail.com,202,1734,0.759561
fissiondimagiqa1+load16@gmail.com,202,1839,0.774411
fissiondimagiqa1+load1@gmail.com,202,111,0.758903
fissiondimagiqa1+load5@gmail.com,202,1725,0.837482
fissiondimagiqa1+load29@gmail.com,202,345,0.816908
fissiondimagiqa1+load8@gmail.com,202,1735,0.892113
fissiondimagiqa1+load16@gmail.com,202,1840,0.879902
fissiondimagiqa1+load1@gmail.com,202,112,0.864246
fissiondimagiqa1+load29@gmail.com,202,346,0.763312
fissiondimagiqa1+load5@gmail.com,202,1726,0.779363
fissiondimagiqa1+load8@gmail.com,202,1736,0.803405
fissiondimagiqa1+load16@gmail.com,202,1841,0.818951
fissiondimagiqa1+load1@gmail.com,202,113,0.806876
fissiondimagiqa1+load29@gmail.com,202,347,0.812502
fissiondimagiqa1+load5@gmail.com,202,1727,0.859237
fissiondimagiqa1+load8@gmail.com,202,1737,0.922528
fissiondimagiqa1+load1@gmail.com,202,114,0.908579
fissiondimagiqa1+load16@gmail.com,202,1842,0.915107
fissiondimagiqa1+load29@gmail.com,202,348,1.003692
fissiondimagiqa1+load5@gmail.com,202,1728,0.987758
fissiondimagiqa1+load16@gmail.com,202,1843,0.860193
fissiondimagiqa1+load1@gmail.com,202,115,0.87584
fissiondimagiqa1+load8@gmail.com,202,1738,0.898005
fissiondimagiqa1+load29@gmail.com,202,349,0.830632
fissiondimagiqa1+load5@gmail.com,202,1729,0.827499
fissiondimagiqa1+load16@gmail.com,202,1844,0.878628
fissiondimagiqa1+load1@gmail.com,202,116,0.862981
fissiondimagiqa1+load8@gmail.com,202,1739,0.847344
fissiondimagiqa1+load5@gmail.com,202,1730,0.877029
fissiondimagiqa1+load29@gmail.com,202,350,0.893087
fissiondimagiqa1+load16@gmail.com,202,1845,0.925171
fissiondimagiqa1+load1@gmail.com,202,117,0.925171
fissiondimagiqa1+load8@gmail.com,202,1740,0.909429
fissiondimagiqa1+load5@gmail.com,202,1731,0.854102
fissiondimagiqa1+load29@gmail.com,202,351,0.854224
fissiondimagiqa1+load1@gmail.com,202,118,0.767961
fissiondimagiqa1+load8@gmail.com,202,1741,0.767961
fissiondimagiqa1+load16@gmail.com,202,1846,0.778236
fissiondimagiqa1+load5@gmail.com,202,1732,0.82164
fissiondimagiqa1+load29@gmail.com,202,352,0.805858
fissiondimagiqa1+load16@gmail.com,202,1847,0.850363
fissiondimagiqa1+load1@gmail.com,202,119,0.860638
fissiondimagiqa1+load8@gmail.com,202,1742,0.868091
fissiondimagiqa1+load5@gmail.com,202,1733,1.333634
fissiondimagiqa1+load8@gmail.com,202,1743,1.034017
fissiondimagiqa1+load1@gmail.com,202,120,1.053659
fissiondimagiqa1+load16@gmail.com,202,1848,1.058136
fissiondimagiqa1+load29@gmail.com,202,353,1.364925
fissiondimagiqa1+load1@gmail.com,202,121,0.907727
fissiondimagiqa1+load8@gmail.com,202,1744,0.916722
fissiondimagiqa1+load16@gmail.com,202,1849,0.907727
fissiondimagiqa1+load5@gmail.com,202,1734,0.948737
fissiondimagiqa1+load29@gmail.com,202,354,0.917446
fissiondimagiqa1+load29@gmail.com,202,355,0.989657
fissiondimagiqa1+load16@gmail.com,202,1850,1.004919
fissiondimagiqa1+load1@gmail.com,202,122,1.029131
fissiondimagiqa1+load8@gmail.com,202,1745,1.029131
fissiondimagiqa1+load5@gmail.com,202,1735,1.02318
fissiondimagiqa1+load1@gmail.com,202,123,0.752197
fissiondimagiqa1+load5@gmail.com,202,1736,0.742412
fissiondimagiqa1+load16@gmail.com,202,1851,0.769715
fissiondimagiqa1+load8@gmail.com,202,1746,0.765322
fissiondimagiqa1+load29@gmail.com,202,356,0.807803
fissiondimagiqa1+load1@gmail.com,202,124,0.788239
fissiondimagiqa1+load16@gmail.com,202,1852,0.775114
fissiondimagiqa1+load8@gmail.com,202,1747,0.790596
fissiondimagiqa1+load5@gmail.com,202,1737,0.803721
fissiondimagiqa1+load29@gmail.com,202,357,0.775403
fissiondimagiqa1+load29@gmail.com,202,358,0.728577
fissiondimagiqa1+load5@gmail.com,202,1738,0.780273
fissiondimagiqa1+load1@gmail.com,202,125,0.802627
fissiondimagiqa1+load8@gmail.com,202,1748,0.791661
fissiondimagiqa1+load16@gmail.com,202,1853,0.807143
fissiondimagiqa1+load16@gmail.com,202,1854,0.997204
fissiondimagiqa1+load5@gmail.com,202,1739,1.010331
fissiondimagiqa1+load29@gmail.com,202,359,1.02176
fissiondimagiqa1+load8@gmail.com,202,1749,1.01289
fissiondimagiqa1+load1@gmail.com,202,126,1.01289
fissiondimagiqa1+load5@gmail.com,202,1740,0.870043
fissiondimagiqa1+load1@gmail.com,202,127,0.873139
fissiondimagiqa1+load29@gmail.com,202,360,0.893591
fissiondimagiqa1+load16@gmail.com,202,1855,0.900313
fissiondimagiqa1+load8@gmail.com,202,1750,0.903175
fissiondimagiqa1+load5@gmail.com,202,1741,0.767578
fissiondimagiqa1+load16@gmail.com,202,1856,0.753762
fissiondimagiqa1+load1@gmail.com,202,128,0.779959
fissiondimagiqa1+load8@gmail.com,202,1751,0.771023
fissiondimagiqa1+load29@gmail.com,202,361,0.820344
fissiondimagiqa1+load16@gmail.com,202,1857,0.795911
fissiondimagiqa1+load1@gmail.com,202,129,0.803695
fissiondimagiqa1+load5@gmail.com,202,1742,0.81831
fissiondimagiqa1+load8@gmail.com,202,1752,0.793063
fissiondimagiqa1+load29@gmail.com,202,362,0.786228
fissiondimagiqa1+load29@gmail.com,202,363,0.85589
fissiondimagiqa1+load1@gmail.com,202,130,0.893568
fissiondimagiqa1+load8@gmail.com,202,1753,0.892064
fissiondimagiqa1+load5@gmail.com,202,1743,0.919095
fissiondimagiqa1+load16@gmail.com,202,1858,0.947306
fissiondimagiqa1+load1@gmail.com,202,131,0.82959
fissiondimagiqa1+load29@gmail.com,202,364,0.832695
fissiondimagiqa1+load5@gmail.com,202,1744,0.807733
fissiondimagiqa1+load16@gmail.com,202,1859,0.830114
fissiondimagiqa1+load8@gmail.com,202,1754,0.858011
fissiondimagiqa1+load1@gmail.com,202,132,0.748168
fissiondimagiqa1+load5@gmail.com,202,1745,0.75997
fissiondimagiqa1+load29@gmail.com,202,365,0.791592
fissiondimagiqa1+load16@gmail.com,202,1860,0.774357
fissiondimagiqa1+load8@gmail.com,202,1755,0.77994
fissiondimagiqa1+load1@gmail.com,202,133,0.788951
fissiondimagiqa1+load5@gmail.com,202,1746,0.779871
fissiondimagiqa1+load29@gmail.com,202,366,0.75991
fissiondimagiqa1+load16@gmail.com,202,1861,0.775038
fissiondimagiqa1+load8@gmail.com,202,1756,0.784102
fissiondimagiqa1+load16@gmail.com,202,1862,0.750125
fissiondimagiqa1+load29@gmail.com,202,367,0.799744
fissiondimagiqa1+load1@gmail.com,202,134,0.82994
fissiondimagiqa1+load8@gmail.com,202,1757,0.776523
fissiondimagiqa1+load5@gmail.com,202,1747,0.840116
fissiondimagiqa1+load8@gmail.com,202,1758,0.798084
fissiondimagiqa1+load29@gmail.com,202,368,0.833521
fissiondimagiqa1+load16@gmail.com,202,1863,0.869605
fissiondimagiqa1+load1@gmail.com,202,135,0.843956
fissiondimagiqa1+load5@gmail.com,202,1748,0.842807
fissiondimagiqa1+load1@gmail.com,202,136,0.769707
fissiondimagiqa1+load29@gmail.com,202,369,0.806663
fissiondimagiqa1+load5@gmail.com,202,1749,0.7664
fissiondimagiqa1+load8@gmail.com,202,1759,0.833338
fissiondimagiqa1+load16@gmail.com,202,1864,0.817423
fissiondimagiqa1+load29@gmail.com,202,370,0.826398
fissiondimagiqa1+load16@gmail.com,202,1865,0.792772
fissiondimagiqa1+load5@gmail.com,202,1750,0.830309
fissiondimagiqa1+load1@gmail.com,202,137,0.856268
fissiondimagiqa1+load8@gmail.com,202,1760,0.846224
fissiondimagiqa1+load16@gmail.com,202,1866,0.841284
fissiondimagiqa1+load1@gmail.com,202,138,0.840119
fissiondimagiqa1+load29@gmail.com,202,371,0.867336
fissiondimagiqa1+load8@gmail.com,202,1761,0.839591
fissiondimagiqa1+load5@gmail.com,202,1751,0.869461
fissiondimagiqa1+load29@gmail.com,202,372,0.759548
fissiondimagiqa1+load5@gmail.com,202,1752,0.749493
fissiondimagiqa1+load1@gmail.com,202,139,0.779535
fissiondimagiqa1+load16@gmail.com,202,1867,0.800857
fissiondimagiqa1+load8@gmail.com,202,1762,0.783958
fissiondimagiqa1+load5@gmail.com,202,1753,0.81271
fissiondimagiqa1+load1@gmail.com,202,140,0.824218
fissiondimagiqa1+load29@gmail.com,202,373,0.852678
fissiondimagiqa1+load8@gmail.com,202,1763,0.831232
fissiondimagiqa1+load16@gmail.com,202,1868,0.852202
fissiondimagiqa1+load8@gmail.com,202,1764,0.795182
fissiondimagiqa1+load5@gmail.com,202,1754,0.852884
fissiondimagiqa1+load1@gmail.com,202,141,0.840459
fissiondimagiqa1+load29@gmail.com,202,374,0.835723
fissiondimagiqa1+load16@gmail.com,202,1869,0.844803
fissiondimagiqa1+load8@gmail.com,202,1765,0.796339
fissiondimagiqa1+load5@gmail.com,202,1755,0.792032
fissiondimagiqa1+load29@gmail.com,202,375,0.789727
fissiondimagiqa1+load16@gmail.com,202,1870,0.786893
fissiondimagiqa1+load1@gmail.com,202,142,0.819742
fissiondimagiqa1+load8@gmail.com,202,1766,0.731229
fissiondimagiqa1+load29@gmail.com,202,376,0.718961
fissiondimagiqa1+load5@gmail.com,202,1756,0.764773
fissiondimagiqa1+load1@gmail.com,202,143,0.770024
fissiondimagiqa1+load16@gmail.com,202,1871,0.776381
fissiondimagiqa1+load8@gmail.com,202,1767,0.898679
fissiondimagiqa1+load29@gmail.com,202,377,0.88424
fissiondimagiqa1+load16@gmail.com,202,1872,0.810085
fissiondimagiqa1+load1@gmail.com,202,144,0.83432
fissiondimagiqa1+load5@gmail.com,202,1757,0.879996
fissiondimagiqa1+load1@gmail.com,202,145,0.88874
fissiondimagiqa1+load16@gmail.com,202,1873,0.908639
fissiondimagiqa1+load8@gmail.com,202,1768,0.920551
fissiondimagiqa1+load29@gmail.com,202,378,0.918974
fissiondimagiqa1+load5@gmail.com,202,1758,0.914413
fissiondimagiqa1+load29@gmail.com,202,379,0.91036
fissiondimagiqa1+load16@gmail.com,202,1874,0.933722
fissiondimagiqa1+load8@gmail.com,202,1769,0.941825
fissiondimagiqa1+load5@gmail.com,202,1759,0.934532
fissiondimagiqa1+load1@gmail.com,202,146,0.952972
fissiondimagiqa1+load5@gmail.com,202,1760,0.775248
fissiondimagiqa1+load16@gmail.com,202,1875,0.802455
fissiondimagiqa1+load8@gmail.com,202,1770,0.794352
fissiondimagiqa1+load29@gmail.com,202,380,0.819557
fissiondimagiqa1+load1@gmail.com,202,147,0.795289
fissiondimagiqa1+load16@gmail.com,202,1876,0.733378
fissiondimagiqa1+load8@gmail.com,202,1771,0.740693
fissiondimagiqa1+load1@gmail.com,202,148,0.731297
fissiondimagiqa1+load5@gmail.com,202,1761,0.793456
fissiondimagiqa1+load29@gmail.com,202,381,0.812478
fissiondimagiqa1+load1@gmail.com,202,149,0.789
fissiondimagiqa1+load8@gmail.com,202,1772,0.793417
fissiondimagiqa1+load16@gmail.com,202,1877,0.801992
fissiondimagiqa1+load5@gmail.com,202,1762,0.765485
fissiondimagiqa1+load29@gmail.com,202,382,0.782568
fissiondimagiqa1+load8@gmail.com,202,1773,0.78674
fissiondimagiqa1+load29@gmail.com,202,383,0.733024
fissiondimagiqa1+load16@gmail.com,202,1878,0.805703
fissiondimagiqa1+load1@gmail.com,202,150,0.832712
fissiondimagiqa1+load5@gmail.com,202,1763,0.808514
fissiondimagiqa1+load29@gmail.com,202,384,0.888318
fissiondimagiqa1+load16@gmail.com,202,1879,0.89929
fissiondimagiqa1+load1@gmail.com,202,151,0.883519
fissiondimagiqa1+load5@gmail.com,202,1764,0.899151
fissiondimagiqa1+load8@gmail.com,202,1774,0.948434
fissiondimagiqa1+load29@gmail.com,202,385,0.773289
fissiondimagiqa1+load1@gmail.com,202,152,0.764947
fissiondimagiqa1+load5@gmail.com,202,1765,0.756856
fissiondimagiqa1+load16@gmail.com,202,1880,0.772488
fissiondimagiqa1+load8@gmail.com,202,1775,0.756903
fissiondimagiqa1+load16@gmail.com,202,1881,0.879621
fissiondimagiqa1+load1@gmail.com,202,153,0.879621
fissiondimagiqa1+load8@gmail.com,202,1776,0.880146
fissiondimagiqa1+load29@gmail.com,202,386,0.912245
fissiondimagiqa1+load5@gmail.com,202,1766,0.914297
fissiondimagiqa1+load16@gmail.com,202,1882,0.872431
fissiondimagiqa1+load8@gmail.com,202,1777,0.865567
fissiondimagiqa1+load29@gmail.com,202,387,0.878423
fissiondimagiqa1+load5@gmail.com,202,1767,0.879337
fissiondimagiqa1+load1@gmail.com,202,154,0.920651
fissiondimagiqa1+load16@gmail.com,202,1883,0.767825
fissiondimagiqa1+load1@gmail.com,202,155,0.743193
fissiondimagiqa1+load8@gmail.com,202,1778,0.785089
fissiondimagiqa1+load5@gmail.com,202,1768,0.755118
fissiondimagiqa1+load29@gmail.com,202,388,0.78856
fissiondimagiqa1+load8@gmail.com,202,1779,0.780118
fissiondimagiqa1+load16@gmail.com,202,1884,0.815049
fissiondimagiqa1+load1@gmail.com,202,156,0.808285
fissiondimagiqa1+load5@gmail.com,202,1769,0.791835
fissiondimagiqa1+load29@gmail.com,202,389,0.777881
fissiondimagiqa1+load16@gmail.com,202,1885,0.81797
fissiondimagiqa1+load1@gmail.com,202,157,0.835095
fissiondimagiqa1+load5@gmail.com,202,1770,0.842171
fissiondimagiqa1+load8@gmail.com,202,1780,0.868577
fissiondimagiqa1+load29@gmail.com,202,390,0.843634
fissiondimagiqa1+load29@gmail.com,202,391,0.775624
fissiondimagiqa1+load5@gmail.com,202,1771,0.792104
fissiondimagiqa1+load1@gmail.com,202,158,0.814813
fissiondimagiqa1+load8@gmail.com,202,1781,0.802127
fissiondimagiqa1+load16@gmail.com,202,1886,0.848178
fissiondimagiqa1+load5@gmail.com,202,1772,0.921632
fissiondimagiqa1+load16@gmail.com,202,1887,0.897966
fissiondimagiqa1+load1@gmail.com,202,159,0.920598
fissiondimagiqa1+load8@gmail.com,202,1782,0.921459
fissiondimagiqa1+load29@gmail.com,202,392,0.94947
fissiondimagiqa1+load1@gmail.com,202,160,0.76547
fissiondimagiqa1+load16@gmail.com,202,1888,0.78423
fissiondimagiqa1+load29@gmail.com,202,393,0.783906
fissiondimagiqa1+load5@gmail.com,202,1773,0.811194
fissiondimagiqa1+load8@gmail.com,202,1783,0.818329
fissiondimagiqa1+load5@gmail.com,202,1774,0.790496
fissiondimagiqa1+load8@gmail.com,202,1784,0.763808
fissiondimagiqa1+load16@gmail.com,202,1889,0.822563
fissiondimagiqa1+load1@gmail.com,202,161,0.838171
fissiondimagiqa1+load29@gmail.com,202,394,0.839182
fissiondimagiqa1+load29@gmail.com,202,395,0.768574
fissiondimagiqa1+load1@gmail.com,202,162,0.793236
fissiondimagiqa1+load5@gmail.com,202,1775,0.833977
fissiondimagiqa1+load8@gmail.com,202,1785,0.848754
fissiondimagiqa1+load16@gmail.com,202,1890,0.857238
fissiondimagiqa1+load29@gmail.com,202,396,0.756651
fissiondimagiqa1+load1@gmail.com,202,163,0.772186
fissiondimagiqa1+load5@gmail.com,202,1776,0.763493
fissiondimagiqa1+load8@gmail.com,202,1786,0.780279
fissiondimagiqa1+load16@gmail.com,202,1891,0.7976
fissiondimagiqa1+load29@gmail.com,202,397,0.768038
fissiondimagiqa1+load1@gmail.com,202,164,0.776264
fissiondimagiqa1+load5@gmail.com,202,1777,0.772968
fissiondimagiqa1+load8@gmail.com,202,1787,0.755516
fissiondimagiqa1+load16@gmail.com,202,1892,0.767699
fissiondimagiqa1+load29@gmail.com,202,398,0.726633
fissiondimagiqa1+load1@gmail.com,202,165,0.738564
fissiondimagiqa1+load8@gmail.com,202,1788,0.755161
fissiondimagiqa1+load5@gmail.com,202,1778,0.786282
fissiondimagiqa1+load16@gmail.com,202,1893,0.77329
fissiondimagiqa1+load8@gmail.com,202,1789,0.771157
fissiondimagiqa1+load29@gmail.com,202,399,0.817584
fissiondimagiqa1+load1@gmail.com,202,166,0.831094
fissiondimagiqa1+load5@gmail.com,202,1779,0.772666
fissiondimagiqa1+load16@gmail.com,202,1894,0.742152
fissiondimagiqa1+load1@gmail.com,202,167,0.801713
fissiondimagiqa1+load5@gmail.com,202,1780,0.817381
fissiondimagiqa1+load8@gmail.com,202,1790,0.834447
fissiondimagiqa1+load29@gmail.com,202,400,0.850147
fissiondimagiqa1+load16@gmail.com,202,1895,0.811387
fissiondimagiqa1+load29@gmail.com,202,401,0.803943
fissiondimagiqa1+load1@gmail.com,202,168,0.835311
fissiondimagiqa1+load16@gmail.com,202,1896,0.81204
fissiondimagiqa1+load5@gmail.com,202,1781,0.82774
fissiondimagiqa1+load8@gmail.com,202,1791,0.856441
fissiondimagiqa1+load1@gmail.com,202,169,0.73685
fissiondimagiqa1+load29@gmail.com,202,402,0.744947
fissiondimagiqa1+load16@gmail.com,202,1897,0.761208
fissiondimagiqa1+load5@gmail.com,202,1782,0.752383
fissiondimagiqa1+load8@gmail.com,202,1792,0.76502
fissiondimagiqa1+load1@gmail.com,202,170,0.74539
fissiondimagiqa1+load29@gmail.com,202,403,0.761085
fissiondimagiqa1+load8@gmail.com,202,1793,0.719591
fissiondimagiqa1+load5@gmail.com,202,1783,0.744449
fissiondimagiqa1+load16@gmail.com,202,1898,0.753822
fissiondimagiqa1+load1@gmail.com,202,171,0.763417
fissiondimagiqa1+load8@gmail.com,202,1794,0.760506
fissiondimagiqa1+load29@gmail.com,202,404,0.762405
fissiondimagiqa1+load16@gmail.com,202,1899,0.771345
fissiondimagiqa1+load5@gmail.com,202,1784,0.795487
fissiondimagiqa1+load1@gmail.com,202,172,0.739101
fissiondimagiqa1+load5@gmail.com,202,1785,0.730481
fissiondimagiqa1+load16@gmail.com,202,1900,0.747806
fissiondimagiqa1+load29@gmail.com,202,405,0.779336
fissiondimagiqa1+load8@gmail.com,202,1795,0.795451
fissiondimagiqa1+load1@gmail.com,202,173,0.750196
fissiondimagiqa1+load5@gmail.com,202,1786,0.755935
fissiondimagiqa1+load29@gmail.com,202,406,0.766201
fissiondimagiqa1+load16@gmail.com,202,1901,0.782943
fissiondimagiqa1+load8@gmail.com,202,1796,0.788953
fissiondimagiqa1+load5@gmail.com,202,1787,0.880369
fissiondimagiqa1+load29@gmail.com,202,407,0.868805
fissiondimagiqa1+load8@gmail.com,202,1797,0.836574
fissiondimagiqa1+load1@gmail.com,202,174,0.962564
fissiondimagiqa1+load16@gmail.com,202,1902,0.875062
fissiondimagiqa1+load5@gmail.com,202,1788,0.828557
fissiondimagiqa1+load1@gmail.com,202,175,0.796596
fissiondimagiqa1+load8@gmail.com,202,1798,0.81983
fissiondimagiqa1+load16@gmail.com,202,1903,0.813342
fissiondimagiqa1+load29@gmail.com,202,408,0.82964
fissiondimagiqa1+load8@gmail.com,202,1799,0.891308
fissiondimagiqa1+load5@gmail.com,202,1789,0.922674
fissiondimagiqa1+load16@gmail.com,202,1904,0.905928
fissiondimagiqa1+load29@gmail.com,202,409,0.908743
fissiondimagiqa1+load1@gmail.com,202,176,0.938892
fissiondimagiqa1+load1@gmail.com,202,177,0.796582
fissiondimagiqa1+load5@gmail.com,202,1790,0.821323
fissiondimagiqa1+load16@gmail.com,202,1905,0.808722
fissiondimagiqa1+load29@gmail.com,202,410,0.805105
fissiondimagiqa1+load8@gmail.com,202,1800,0.821323
fissiondimagiqa1+load29@gmail.com,202,411,0.807679
fissiondimagiqa1+load5@gmail.com,202,1791,0.810968
fissiondimagiqa1+load16@gmail.com,202,1906,0.818695
fissiondimagiqa1+load8@gmail.com,202,1801,0.825032
fissiondimagiqa1+load1@gmail.com,202,178,0.852882
fissiondimagiqa1+load5@gmail.com,202,1792,0.823023
fissiondimagiqa1+load29@gmail.com,202,412,0.832453
fissiondimagiqa1+load16@gmail.com,202,1907,0.819941
fissiondimagiqa1+load1@gmail.com,202,179,0.799513
fissiondimagiqa1+load8@gmail.com,202,1802,0.83533
fissiondimagiqa1+load5@gmail.com,202,1793,0.83613
fissiondimagiqa1+load16@gmail.com,202,1908,0.832121
fissiondimagiqa1+load1@gmail.com,202,180,0.847016
fissiondimagiqa1+load29@gmail.com,202,413,0.86279
fissiondimagiqa1+load8@gmail.com,202,1803,0.845236
fissiondimagiqa1+load16@gmail.com,202,1909,0.780963
fissiondimagiqa1+load8@gmail.com,202,1804,0.77009
fissiondimagiqa1+load29@gmail.com,202,414,0.775614
fissiondimagiqa1+load1@gmail.com,202,181,0.79992
fissiondimagiqa1+load5@gmail.com,202,1794,0.832763
fissiondimagiqa1+load1@gmail.com,202,182,0.799933
fissiondimagiqa1+load29@gmail.com,202,415,0.830929
fissiondimagiqa1+load5@gmail.com,202,1795,0.801181
fissiondimagiqa1+load8@gmail.com,202,1805,0.839496
fissiondimagiqa1+load16@gmail.com,202,1910,0.853514
fissiondimagiqa1+load16@gmail.com,202,1911,0.742124
fissiondimagiqa1+load5@gmail.com,202,1796,0.768938
fissiondimagiqa1+load1@gmail.com,202,183,0.788072
fissiondimagiqa1+load8@gmail.com,202,1806,0.780341
fissiondimagiqa1+load29@gmail.com,202,416,0.793058
fissiondimagiqa1+load16@gmail.com,202,1912,0.859797
fissiondimagiqa1+load8@gmail.com,202,1807,0.832308
fissiondimagiqa1+load5@gmail.com,202,1797,0.864591
fissiondimagiqa1+load1@gmail.com,202,184,0.860172
fissiondimagiqa1+load29@gmail.com,202,417,0.852091
fissiondimagiqa1+load5@gmail.com,202,1798,0.8052
fissiondimagiqa1+load16@gmail.com,202,1913,0.827558
fissiondimagiqa1+load8@gmail.com,202,1808,0.829444
fissiondimagiqa1+load29@gmail.com,202,418,0.812513
fissiondimagiqa1+load1@gmail.com,202,185,0.830875
fissiondimagiqa1+load16@gmail.com,202,1914,0.809726
fissiondimagiqa1+load1@gmail.com,202,186,0.799188
fissiondimagiqa1+load8@gmail.com,202,1809,0.822206
fissiondimagiqa1+load5@gmail.com,202,1799,0.840377
fissiondimagiqa1+load29@gmail.com,202,419,0.850228
fissiondimagiqa1+load16@gmail.com,202,1915,0.73194
fissiondimagiqa1+load1@gmail.com,202,187,0.739536
fissiondimagiqa1+load8@gmail.com,202,1810,0.74374
fissiondimagiqa1+load5@gmail.com,202,1800,0.77285
fissiondimagiqa1+load29@gmail.com,202,420,0.786053
fissiondimagiqa1+load1@gmail.com,202,188,0.923328
fissiondimagiqa1+load8@gmail.com,202,1811,0.906397
fissiondimagiqa1+load16@gmail.com,202,1916,0.940306
fissiondimagiqa1+load5@gmail.com,202,1801,0.885435
fissiondimagiqa1+load29@gmail.com,202,421,0.864212
fissiondimagiqa1+load8@gmail.com,202,1812,0.839744
fissiondimagiqa1+load16@gmail.com,202,1917,0.840009
fissiondimagiqa1+load1@gmail.com,202,189,0.854942
fissiondimagiqa1+load5@gmail.com,202,1802,0.841746
fissiondimagiqa1+load29@gmail.com,202,422,0.851589
fissiondimagiqa1+load16@gmail.com,202,1918,0.843686
fissiondimagiqa1+load1@gmail.com,202,190,0.849641
fissiondimagiqa1+load29@gmail.com,202,423,0.830964
fissiondimagiqa1+load8@gmail.com,202,1813,0.880239
fissiondimagiqa1+load5@gmail.com,202,1803,0.866338
fissiondimagiqa1+load8@gmail.com,202,1814,0.858401
fissiondimagiqa1+load16@gmail.com,202,1919,0.894438
fissiondimagiqa1+load1@gmail.com,202,191,0.905027
fissiondimagiqa1+load29@gmail.com,202,424,0.894722
fissiondimagiqa1+load5@gmail.com,202,1804,0.895477
fissiondimagiqa1+load8@gmail.com,202,1815,0.857839
fissiondimagiqa1+load16@gmail.com,202,1920,0.849008
fissiondimagiqa1+load1@gmail.com,202,192,0.833398
fissiondimagiqa1+load29@gmail.com,202,425,0.842419
fissiondimagiqa1+load5@gmail.com,202,1805,0.826776
fissiondimagiqa1+load5@gmail.com,202,1806,0.902727
fissiondimagiqa1+load29@gmail.com,202,426,0.902727
fissiondimagiqa1+load8@gmail.com,202,1816,0.927839
fissiondimagiqa1+load16@gmail.com,202,1921,0.927839
fissiondimagiqa1+load1@gmail.com,202,193,0.918818
fissiondimagiqa1+load29@gmail.com,202,427,0.908851
fissiondimagiqa1+load5@gmail.com,202,1807,0.924346
fissiondimagiqa1+load8@gmail.com,202,1817,0.924642
fissiondimagiqa1+load16@gmail.com,202,1922,0.924642
fissiondimagiqa1+load1@gmail.com,202,194,0.924642
fissiondimagiqa1+load8@gmail.com,202,1818,0.801814
fissiondimagiqa1+load1@gmail.com,202,195,0.787288
fissiondimagiqa1+load5@gmail.com,202,1808,0.833777
fissiondimagiqa1+load29@gmail.com,202,428,0.833777
fissiondimagiqa1+load16@gmail.com,202,1923,0.833025
fissiondimagiqa1+load16@gmail.com,202,1924,0.740823
fissiondimagiqa1+load5@gmail.com,202,1809,0.774993
fissiondimagiqa1+load1@gmail.com,202,196,0.792673
fissiondimagiqa1+load29@gmail.com,202,429,0.7887
fissiondimagiqa1+load8@gmail.com,202,1819,0.82297
fissiondimagiqa1+load5@gmail.com,202,1810,0.742414
fissiondimagiqa1+load16@gmail.com,202,1925,0.775667
fissiondimagiqa1+load1@gmail.com,202,197,0.755028
fissiondimagiqa1+load8@gmail.com,202,1820,0.73975
fissiondimagiqa1+load29@gmail.com,202,430,0.79026
fissiondimagiqa1+load5@gmail.com,202,1811,0.817289
fissiondimagiqa1+load16@gmail.com,202,1926,0.81881
fissiondimagiqa1+load1@gmail.com,202,198,0.81122
fissiondimagiqa1+load8@gmail.com,202,1821,0.825364
fissiondimagiqa1+load29@gmail.com,202,431,0.798477
fissiondimagiqa1+load16@gmail.com,202,1927,0.807549
fissiondimagiqa1+load8@gmail.com,202,1822,0.792568
fissiondimagiqa1+load1@gmail.com,202,199,0.800888
fissiondimagiqa1+load29@gmail.com,202,432,0.78479
fissiondimagiqa1+load5@gmail.com,202,1812,0.831447
fissiondimagiqa1+load8@gmail.com,202,1823,0.730374
fissiondimagiqa1+load29@gmail.com,202,433,0.758748
fissiondimagiqa1+load1@gmail.com,202,200,0.760113
fissiondimagiqa1+load16@gmail.com,202,1928,0.785619
fissiondimagiqa1+load5@gmail.com,202,1813,0.792037
fissiondimagiqa1+load8@gmail.com,202,1824,0.800885
fissiondimagiqa1+load1@gmail.com,202,201,0.762623
fissiondimagiqa1+load5@gmail.com,202,1814,0.748881
fissiondimagiqa1+load29@gmail.com,202,434,0.787599
fissiondimagiqa1+load16@gmail.com,202,1929,0.77146
fissiondimagiqa1+load1@gmail.com,202,202,0.861197
fissiondimagiqa1+load5@gmail.com,202,1815,0.857784
fissiondimagiqa1+load29@gmail.com,202,435,0.861014
fissiondimagiqa1+load8@gmail.com,202,1825,0.882355
fissiondimagiqa1+load16@gmail.com,202,1930,0.859338
fissiondimagiqa1+load5@gmail.com,202,1816,0.787402
fissiondimagiqa1+load8@gmail.com,202,1826,0.783092
fissiondimagiqa1+load29@gmail.com,202,436,0.802762
fissiondimagiqa1+load16@gmail.com,202,1931,0.786273
fissiondimagiqa1+load1@gmail.com,202,203,0.833025
fissiondimagiqa1+load1@gmail.com,202,204,0.746494
fissiondimagiqa1+load29@gmail.com,202,437,0.789468
fissiondimagiqa1+load5@gmail.com,202,1817,0.804944
fissiondimagiqa1+load8@gmail.com,202,1827,0.805152
fissiondimagiqa1+load16@gmail.com,202,1932,0.821901
fissiondimagiqa1+load8@gmail.com,202,1828,0.796919
fissiondimagiqa1+load29@gmail.com,202,438,0.812594
fissiondimagiqa1+load5@gmail.com,202,1818,0.813173
fissiondimagiqa1+load16@gmail.com,202,1933,0.780016
fissiondimagiqa1+load1@gmail.com,202,205,0.854455
fissiondimagiqa1+load5@gmail.com,202,1819,0.804285
fissiondimagiqa1+load29@gmail.com,202,439,0.821133
fissiondimagiqa1+load1@gmail.com,202,206,0.805491
fissiondimagiqa1+load16@gmail.com,202,1934,0.825568
fissiondimagiqa1+load8@gmail.com,202,1829,0.862521
fissiondimagiqa1+load29@gmail.com,202,440,0.901929
fissiondimagiqa1+load1@gmail.com,202,207,0.909968
fissiondimagiqa1+load5@gmail.com,202,1820,0.927824
fissiondimagiqa1+load16@gmail.com,202,1935,0.914931
fissiondimagiqa1+load8@gmail.com,202,1830,0.900536
fissiondimagiqa1+load16@gmail.com,202,1936,1.104542
fissiondimagiqa1+load8@gmail.com,202,1831,1.101694
fissiondimagiqa1+load29@gmail.com,202,441,1.131926
fissiondimagiqa1+load5@gmail.com,202,1821,1.13021
fissiondimagiqa1+load1@gmail.com,202,208,1.142458
fissiondimagiqa1+load5@gmail.com,202,1822,1.029694
fissiondimagiqa1+load16@gmail.com,202,1937,1.051
fissiondimagiqa1+load29@gmail.com,202,442,1.053972
fissiondimagiqa1+load1@gmail.com,202,209,1.046135
fissiondimagiqa1+load8@gmail.com,202,1832,1.24206
fissiondimagiqa1+load29@gmail.com,202,443,1.254207
fissiondimagiqa1+load5@gmail.com,202,1823,1.288128
fissiondimagiqa1+load8@gmail.com,202,1833,1.08499
fissiondimagiqa1+load16@gmail.com,202,1938,1.310037
fissiondimagiqa1+load1@gmail.com,202,210,1.361524
fissiondimagiqa1+load29@gmail.com,202,444,0.772025
fissiondimagiqa1+load8@gmail.com,202,1834,0.790819
fissiondimagiqa1+load5@gmail.com,202,1824,0.802029
fissiondimagiqa1+load16@gmail.com,202,1939,0.795456
fissiondimagiqa1+load1@gmail.com,202,211,0.80366
fissiondimagiqa1+load8@gmail.com,202,1835,0.867814
fissiondimagiqa1+load5@gmail.com,202,1825,0.861321
fissiondimagiqa1+load16@gmail.com,202,1940,0.840823
fissiondimagiqa1+load29@gmail.com,202,445,0.908738
fissiondimagiqa1+load1@gmail.com,202,212,0.967541
fissiondimagiqa1+load29@gmail.com,202,446,0.752687
fissiondimagiqa1+load5@gmail.com,202,1826,0.792237
fissiondimagiqa1+load8@gmail.com,202,1836,0.800327
fissiondimagiqa1+load16@gmail.com,202,1941,0.790831
fissiondimagiqa1+load1@gmail.com,202,213,0.765166
fissiondimagiqa1+load16@gmail.com,202,1942,0.734068
fissiondimagiqa1+load8@gmail.com,202,1837,0.757104
fissiondimagiqa1+load29@gmail.com,202,447,0.793865
fissiondimagiqa1+load5@gmail.com,202,1827,0.819658
fissiondimagiqa1+load1@gmail.com,202,214,0.864024
fissiondimagiqa1+load16@gmail.com,202,1943,0.900759
fissiondimagiqa1+load5@gmail.com,202,1828,0.828414
fissiondimagiqa1+load8@gmail.com,202,1838,0.888825
fissiondimagiqa1+load29@gmail.com,202,448,0.8962
fissiondimagiqa1+load1@gmail.com,202,215,0.934374
fissiondimagiqa1+load5@gmail.com,202,1829,1.006674
fissiondimagiqa1+load16@gmail.com,202,1944,1.006674
fissiondimagiqa1+load8@gmail.com,202,1839,1.006423
fissiondimagiqa1+load29@gmail.com,202,449,1.00323
fissiondimagiqa1+load1@gmail.com,202,216,0.936003
fissiondimagiqa1+load16@gmail.com,202,1945,0.744403
fissiondimagiqa1+load5@gmail.com,202,1830,0.764218
fissiondimagiqa1+load29@gmail.com,202,450,0.765761
fissiondimagiqa1+load8@gmail.com,202,1840,0.776198
fissiondimagiqa1+load1@gmail.com,202,217,0.786682
fissiondimagiqa1+load16@gmail.com,202,1946,0.790451
fissiondimagiqa1+load5@gmail.com,202,1831,0.793666
fissiondimagiqa1+load8@gmail.com,202,1841,0.768691
fissiondimagiqa1+load29@gmail.com,202,451,0.790869
fissiondimagiqa1+load1@gmail.com,202,218,0.787253
fissiondimagiqa1+load5@gmail.com,202,1832,0.752879
fissiondimagiqa1+load29@gmail.com,202,452,0.737098
fissiondimagiqa1+load8@gmail.com,202,1842,0.770576
fissiondimagiqa1+load16@gmail.com,202,1947,0.810915
fissiondimagiqa1+load1@gmail.com,202,219,0.777923
fissiondimagiqa1+load29@gmail.com,202,453,0.752555
fissiondimagiqa1+load8@gmail.com,202,1843,0.760603
fissiondimagiqa1+load5@gmail.com,202,1833,0.79401
fissiondimagiqa1+load16@gmail.com,202,1948,0.762679
fissiondimagiqa1+load1@gmail.com,202,220,0.7417
fissiondimagiqa1+load29@gmail.com,202,454,0.783988
fissiondimagiqa1+load16@gmail.com,202,1949,0.786605
fissiondimagiqa1+load8@gmail.com,202,1844,0.830609
fissiondimagiqa1+load5@gmail.com,202,1834,0.837624
fissiondimagiqa1+load1@gmail.com,202,221,0.790976
fissiondimagiqa1+load5@gmail.com,202,1835,0.747355
fissiondimagiqa1+load16@gmail.com,202,1950,0.792329
fissiondimagiqa1+load29@gmail.com,202,455,0.839772
fissiondimagiqa1+load8@gmail.com,202,1845,0.793188
fissiondimagiqa1+load1@gmail.com,202,222,0.79328
fissiondimagiqa1+load5@gmail.com,202,1836,0.739449
fissiondimagiqa1+load16@gmail.com,202,1951,0.745509
fissiondimagiqa1+load8@gmail.com,202,1846,0.753769
fissiondimagiqa1+load29@gmail.com,202,456,0.778498
fissiondimagiqa1+load1@gmail.com,202,223,0.784428
fissiondimagiqa1+load16@gmail.com,202,1952,0.764782
fissiondimagiqa1+load29@gmail.com,202,457,0.765851
fissiondimagiqa1+load5@gmail.com,202,1837,0.817513
fissiondimagiqa1+load8@gmail.com,202,1847,0.789832
fissiondimagiqa1+load1@gmail.com,202,224,0.760691
fissiondimagiqa1+load16@gmail.com,202,1953,0.869317
fissiondimagiqa1+load8@gmail.com,202,1848,0.824223
fissiondimagiqa1+load5@gmail.com,202,1838,0.830936
fissiondimagiqa1+load29@gmail.com,202,458,0.844131
fissiondimagiqa1+load1@gmail.com,202,225,0.876229
fissiondimagiqa1+load8@gmail.com,202,1849,0.9097
fissiondimagiqa1+load29@gmail.com,202,459,0.894699
fissiondimagiqa1+load16@gmail.com,202,1954,0.926187
fissiondimagiqa1+load5@gmail.com,202,1839,0.91654
fissiondimagiqa1+load1@gmail.com,202,226,0.904298
fissiondimagiqa1+load29@gmail.com,202,460,0.732658
fissiondimagiqa1+load16@gmail.com,202,1955,0.768345
fissiondimagiqa1+load5@gmail.com,202,1840,0.764737
fissiondimagiqa1+load8@gmail.com,202,1850,0.797147
fissiondimagiqa1+load1@gmail.com,202,227,0.82747
fissiondimagiqa1+load29@gmail.com,202,461,0.800256
fissiondimagiqa1+load16@gmail.com,202,1956,0.767782
fissiondimagiqa1+load8@gmail.com,202,1851,0.767011
fissiondimagiqa1+load5@gmail.com,202,1841,0.78329
fissiondimagiqa1+load1@gmail.com,202,228,0.780209
fissiondimagiqa1+load16@gmail.com,202,1957,0.767549
fissiondimagiqa1+load29@gmail.com,202,462,0.792654
fissiondimagiqa1+load8@gmail.com,202,1852,0.763806
fissiondimagiqa1+load5@gmail.com,202,1842,0.763608
fissiondimagiqa1+load1@gmail.com,202,229,0.779247
fissiondimagiqa1+load5@gmail.com,202,1843,0.827609
fissiondimagiqa1+load29@gmail.com,202,463,0.855102
fissiondimagiqa1+load16@gmail.com,202,1958,0.864634
fissiondimagiqa1+load8@gmail.com,202,1853,0.841008
fissiondimagiqa1+load1@gmail.com,202,230,0.827818
fissiondimagiqa1+load16@gmail.com,202,1959,1.193131
fissiondimagiqa1+load5@gmail.com,202,1844,1.208169
fissiondimagiqa1+load29@gmail.com,202,464,1.208169
fissiondimagiqa1+load8@gmail.com,202,1854,1.206672
fissiondimagiqa1+load1@gmail.com,202,231,1.142198
fissiondimagiqa1+load5@gmail.com,202,1845,0.804908
fissiondimagiqa1+load29@gmail.com,202,465,0.820443
fissiondimagiqa1+load16@gmail.com,202,1960,0.835481
fissiondimagiqa1+load8@gmail.com,202,1855,0.82249
fissiondimagiqa1+load1@gmail.com,202,232,0.819498
fissiondimagiqa1+load5@gmail.com,202,1846,0.82912
fissiondimagiqa1+load29@gmail.com,202,466,0.82912
fissiondimagiqa1+load16@gmail.com,202,1961,0.828972
fissiondimagiqa1+load8@gmail.com,202,1856,0.824708
fissiondimagiqa1+load1@gmail.com,202,233,0.886069
fissiondimagiqa1+load16@gmail.com,202,1962,0.861671
fissiondimagiqa1+load29@gmail.com,202,467,0.892843
fissiondimagiqa1+load8@gmail.com,202,1857,0.877377
fissiondimagiqa1+load5@gmail.com,202,1847,0.908495
fissiondimagiqa1+load1@gmail.com,202,234,0.808887
fissiondimagiqa1+load29@gmail.com,202,468,0.748734
fissiondimagiqa1+load16@gmail.com,202,1963,0.769401
fissiondimagiqa1+load8@gmail.com,202,1858,0.753749
fissiondimagiqa1+load5@gmail.com,202,1848,0.753749
fissiondimagiqa1+load1@gmail.com,202,235,0.761884
fissiondimagiqa1+load29@gmail.com,202,469,0.769574
fissiondimagiqa1+load5@gmail.com,202,1849,0.769714
fissiondimagiqa1+load16@gmail.com,202,1964,0.769714
fissiondimagiqa1+load8@gmail.com,202,1859,0.801528
fissiondimagiqa1+load1@gmail.com,202,236,0.763049
fissiondimagiqa1+load29@gmail.com,202,470,0.862447
fissiondimagiqa1+load16@gmail.com,202,1965,0.843486
fissiondimagiqa1+load5@gmail.com,202,1850,0.871432
fissiondimagiqa1+load8@gmail.com,202,1860,0.839618
fissiondimagiqa1+load1@gmail.com,202,237,0.934438
fissiondimagiqa1+load16@gmail.com,202,1966,0.810999
fissiondimagiqa1+load5@gmail.com,202,1851,0.802589
fissiondimagiqa1+load29@gmail.com,202,471,0.834013
fissiondimagiqa1+load8@gmail.com,202,1861,0.833716
fissiondimagiqa1+load1@gmail.com,202,238,0.748625
fissiondimagiqa1+load29@gmail.com,202,472,0.766415
fissiondimagiqa1+load16@gmail.com,202,1967,0.795532
fissiondimagiqa1+load5@gmail.com,202,1852,0.795532
fissiondimagiqa1+load8@gmail.com,202,1862,0.796726
fissiondimagiqa1+load1@gmail.com,202,239,0.77716
fissiondimagiqa1+load29@gmail.com,202,473,0.795529
fissiondimagiqa1+load16@gmail.com,202,1968,0.781909
fissiondimagiqa1+load5@gmail.com,202,1853,0.798334
fissiondimagiqa1+load8@gmail.com,202,1863,0.781049
fissiondimagiqa1+load1@gmail.com,202,240,0.820011
fissiondimagiqa1+load16@gmail.com,202,1969,1.036651
fissiondimagiqa1+load8@gmail.com,202,1864,1.00519
fissiondimagiqa1+load5@gmail.com,202,1854,1.036824
fissiondimagiqa1+load29@gmail.com,202,474,1.068409
fissiondimagiqa1+load1@gmail.com,202,241,1.024785
fissiondimagiqa1+load5@gmail.com,202,1855,0.849397
fissiondimagiqa1+load16@gmail.com,202,1970,0.865995
fissiondimagiqa1+load29@gmail.com,202,475,0.84593
fissiondimagiqa1+load8@gmail.com,202,1865,0.881703
fissiondimagiqa1+load1@gmail.com,202,242,0.927128
fissiondimagiqa1+load29@gmail.com,202,476,0.797509
fissiondimagiqa1+load16@gmail.com,202,1971,0.813217
fissiondimagiqa1+load8@gmail.com,202,1866,0.813104
fissiondimagiqa1+load5@gmail.com,202,1856,0.828812
fissiondimagiqa1+load1@gmail.com,202,243,0.75054
fissiondimagiqa1+load5@gmail.com,202,1857,0.756737
fissiondimagiqa1+load29@gmail.com,202,477,0.772332
fissiondimagiqa1+load8@gmail.com,202,1867,0.756737
fissiondimagiqa1+load16@gmail.com,202,1972,0.78808
fissiondimagiqa1+load1@gmail.com,202,244,0.731089
fissiondimagiqa1+load16@gmail.com,202,1973,0.820246
fissiondimagiqa1+load29@gmail.com,202,478,0.835994
fissiondimagiqa1+load8@gmail.com,202,1868,0.851765
fissiondimagiqa1+load5@gmail.com,202,1858,0.851765
fissiondimagiqa1+load1@gmail.com,202,245,0.866326
fissiondimagiqa1+load16@gmail.com,202,1974,0.80355
fissiondimagiqa1+load29@gmail.com,202,479,0.819152
fissiondimagiqa1+load5@gmail.com,202,1859,0.819032
fissiondimagiqa1+load8@gmail.com,202,1869,0.819032
fissiondimagiqa1+load1@gmail.com,202,246,0.807432
fissiondimagiqa1+load29@gmail.com,202,480,0.763562
fissiondimagiqa1+load8@gmail.com,202,1870,0.747911
fissiondimagiqa1+load16@gmail.com,202,1975,0.79479
fissiondimagiqa1+load5@gmail.com,202,1860,0.810559
fissiondimagiqa1+load1@gmail.com,202,247,0.793952
fissiondimagiqa1+load29@gmail.com,202,481,0.870265
fissiondimagiqa1+load16@gmail.com,202,1976,0.865076
fissiondimagiqa1+load5@gmail.com,202,1861,0.809781
fissiondimagiqa1+load8@gmail.com,202,1871,0.922938
fissiondimagiqa1+load1@gmail.com,202,248,0.799252
fissiondimagiqa1+load16@gmail.com,202,1977,0.803135
fissiondimagiqa1+load5@gmail.com,202,1862,0.808636
fissiondimagiqa1+load8@gmail.com,202,1872,0.781218
fissiondimagiqa1+load29@gmail.com,202,482,0.844149
fissiondimagiqa1+load1@gmail.com,202,249,0.817907
fissiondimagiqa1+load29@gmail.com,202,483,0.830012
fissiondimagiqa1+load5@gmail.com,202,1863,0.847839
fissiondimagiqa1+load8@gmail.com,202,1873,0.855765
fissiondimagiqa1+load16@gmail.com,202,1978,0.872121
fissiondimagiqa1+load1@gmail.com,202,250,0.928947
fissiondimagiqa1+load8@gmail.com,202,1874,0.90509
fissiondimagiqa1+load16@gmail.com,202,1979,0.912821
fissiondimagiqa1+load29@gmail.com,202,484,0.928316
fissiondimagiqa1+load5@gmail.com,202,1864,0.925409
fissiondimagiqa1+load1@gmail.com,202,251,0.911583
fissiondimagiqa1+load8@gmail.com,202,1875,0.81773
fissiondimagiqa1+load5@gmail.com,202,1865,0.799999
fissiondimagiqa1+load29@gmail.com,202,485,0.816198
fissiondimagiqa1+load16@gmail.com,202,1980,0.848146
fissiondimagiqa1+load1@gmail.com,202,252,0.793307
fissiondimagiqa1+load5@gmail.com,202,1866,0.810311
fissiondimagiqa1+load8@gmail.com,202,1876,0.82605
fissiondimagiqa1+load29@gmail.com,202,486,0.82605
fissiondimagiqa1+load16@gmail.com,202,1981,0.809744
fissiondimagiqa1+load1@gmail.com,202,253,0.813628
fissiondimagiqa1+load16@gmail.com,202,1982,0.769891
fissiondimagiqa1+load5@gmail.com,202,1867,0.802546
fissiondimagiqa1+load29@gmail.com,202,487,0.803497
fissiondimagiqa1+load8@gmail.com,202,1877,0.808891
fissiondimagiqa1+load1@gmail.com,202,254,0.739696
fissiondimagiqa1+load16@gmail.com,202,1983,0.761808
fissiondimagiqa1+load5@gmail.com,202,1868,0.777699
fissiondimagiqa1+load8@gmail.com,202,1878,0.761895
fissiondimagiqa1+load29@gmail.com,202,488,0.770021
fissiondimagiqa1+load1@gmail.com,202,255,0.759543
fissiondimagiqa1+load16@gmail.com,202,1984,0.800202
fissiondimagiqa1+load8@gmail.com,202,1879,0.784881
fissiondimagiqa1+load29@gmail.com,202,489,0.777775
fissiondimagiqa1+load5@gmail.com,202,1869,1.02314
fissiondimagiqa1+load1@gmail.com,202,256,0.837079
fissiondimagiqa1+load16@gmail.com,202,1985,0.811825
fissiondimagiqa1+load8@gmail.com,202,1880,0.820784
fissiondimagiqa1+load29@gmail.com,202,490,0.819303
fissiondimagiqa1+load5@gmail.com,202,1870,0.856905
fissiondimagiqa1+load1@gmail.com,202,257,0.829581
fissiondimagiqa1+load29@gmail.com,202,491,0.793557
fissiondimagiqa1+load8@gmail.com,202,1881,0.807334
fissiondimagiqa1+load16@gmail.com,202,1986,0.838274
fissiondimagiqa1+load5@gmail.com,202,1871,0.835471
fissiondimagiqa1+load1@gmail.com,202,258,0.852486
fissiondimagiqa1+load8@gmail.com,202,1882,0.874022
fissiondimagiqa1+load16@gmail.com,202,1987,0.884954
fissiondimagiqa1+load29@gmail.com,202,492,0.897137
fissiondimagiqa1+load1@gmail.com,202,259,0.828006
fissiondimagiqa1+load5@gmail.com,202,1872,0.870377
fissiondimagiqa1+load29@gmail.com,202,493,0.711556
fissiondimagiqa1+load8@gmail.com,202,1883,0.759053
fissiondimagiqa1+load16@gmail.com,202,1988,0.773161
fissiondimagiqa1+load1@gmail.com,202,260,0.759327
fissiondimagiqa1+load5@gmail.com,202,1873,0.810916
fissiondimagiqa1+load29@gmail.com,202,494,0.789439
fissiondimagiqa1+load16@gmail.com,202,1989,0.775158
fissiondimagiqa1+load8@gmail.com,202,1884,0.823162
fissiondimagiqa1+load1@gmail.com,202,261,0.755728
fissiondimagiqa1+load5@gmail.com,202,1874,0.729938
fissiondimagiqa1+load29@gmail.com,202,495,0.823981
fissiondimagiqa1+load16@gmail.com,202,1990,0.793288
fissiondimagiqa1+load8@gmail.com,202,1885,0.821929
fissiondimagiqa1+load1@gmail.com,202,262,0.796741
fissiondimagiqa1+load5@gmail.com,202,1875,0.783943
fissiondimagiqa1+load16@gmail.com,202,1991,0.837726
fissiondimagiqa1+load8@gmail.com,202,1886,0.822076
fissiondimagiqa1+load29@gmail.com,202,496,0.85336
fissiondimagiqa1+load1@gmail.com,202,263,0.873132
fissiondimagiqa1+load5@gmail.com,202,1876,0.842016
fissiondimagiqa1+load16@gmail.com,202,1992,0.756894
fissiondimagiqa1+load8@gmail.com,202,1887,0.772455
fissiondimagiqa1+load29@gmail.com,202,497,0.78816
fissiondimagiqa1+load5@gmail.com,202,1877,0.769206
fissiondimagiqa1+load1@gmail.com,202,264,0.786932
fissiondimagiqa1+load29@gmail.com,202,498,0.842308
fissiondimagiqa1+load16@gmail.com,202,1993,0.873574
fissiondimagiqa1+load8@gmail.com,202,1888,0.874493
fissiondimagiqa1+load5@gmail.com,202,1878,0.923343
fissiondimagiqa1+load1@gmail.com,202,265,0.914575
fissiondimagiqa1+load16@gmail.com,202,1994,0.81362
fissiondimagiqa1+load29@gmail.com,202,499,0.824462
fissiondimagiqa1+load8@gmail.com,202,1889,0.841332
fissiondimagiqa1+load1@gmail.com,202,266,0.804113
fissiondimagiqa1+load5@gmail.com,202,1879,0.823031
fissiondimagiqa1+load29@gmail.com,202,500,0.872883
fissiondimagiqa1+load8@gmail.com,202,1890,0.839132
fissiondimagiqa1+load16@gmail.com,202,1995,0.903584
fissiondimagiqa1+load1@gmail.com,202,267,0.829678
fissiondimagiqa1+load5@gmail.com,202,1880,0.848616
fissiondimagiqa1+load29@gmail.com,202,501,0.784361
fissiondimagiqa1+load8@gmail.com,202,1891,0.771667
fissiondimagiqa1+load16@gmail.com,202,1996,0.793564
fissiondimagiqa1+load1@gmail.com,202,268,0.784351
fissiondimagiqa1+load5@gmail.com,202,1881,0.796957
fissiondimagiqa1+load29@gmail.com,202,502,0.782876
fissiondimagiqa1+load8@gmail.com,202,1892,0.792544
fissiondimagiqa1+load16@gmail.com,202,1997,0.775737
fissiondimagiqa1+load1@gmail.com,202,269,0.792577
fissiondimagiqa1+load5@gmail.com,202,1882,0.775011
fissiondimagiqa1+load8@gmail.com,202,1893,0.806888
fissiondimagiqa1+load29@gmail.com,202,503,0.834363
fissiondimagiqa1+load16@gmail.com,202,1998,0.802007
fissiondimagiqa1+load1@gmail.com,202,270,0.810866
fissiondimagiqa1+load5@gmail.com,202,1883,0.812794
fissiondimagiqa1+load8@gmail.com,202,1894,0.759856
fissiondimagiqa1+load29@gmail.com,202,504,0.767934
fissiondimagiqa1+load16@gmail.com,202,1999,0.776503
fissiondimagiqa1+load5@gmail.com,202,1884,0.764471
fissiondimagiqa1+load1@gmail.com,202,271,0.785207
fissiondimagiqa1+load8@gmail.com,202,1895,0.808865
fissiondimagiqa1+load29@gmail.com,202,505,0.803734
fissiondimagiqa1+load16@gmail.com,202,2000,0.831001
fissiondimagiqa1+load5@gmail.com,202,1885,0.785001
fissiondimagiqa1+load1@gmail.com,202,272,0.785185
fissiondimagiqa1+load8@gmail.com,202,1896,0.783583
fissiondimagiqa1+load29@gmail.com,202,506,0.777729
fissiondimagiqa1+load16@gmail.com,202,2001,0.75325
fissiondimagiqa1+load5@gmail.com,202,1886,0.781089
fissiondimagiqa1+load1@gmail.com,202,273,0.785043
fissiondimagiqa1+load8@gmail.com,202,1897,0.804215
fissiondimagiqa1+load29@gmail.com,202,507,0.795786
fissiondimagiqa1+load16@gmail.com,202,2002,0.803537
fissiondimagiqa1+load5@gmail.com,202,1887,0.869788
fissiondimagiqa1+load1@gmail.com,202,274,0.867104
fissiondimagiqa1+load8@gmail.com,202,1898,0.900224
fissiondimagiqa1+load16@gmail.com,202,2003,0.868342
fissiondimagiqa1+load29@gmail.com,202,508,0.900837
fissiondimagiqa1+load5@gmail.com,202,1888,0.801537
fissiondimagiqa1+load1@gmail.com,202,275,0.80708
fissiondimagiqa1+load29@gmail.com,202,509,0.769428
fissiondimagiqa1+load8@gmail.com,202,1899,0.803435
fissiondimagiqa1+load16@gmail.com,202,2004,0.813729
fissiondimagiqa1+load1@gmail.com,202,276,0.739941
fissiondimagiqa1+load5@gmail.com,202,1889,0.773863
fissiondimagiqa1+load29@gmail.com,202,510,0.753934
fissiondimagiqa1+load8@gmail.com,202,1900,0.744857
fissiondimagiqa1+load16@gmail.com,202,2005,0.793025
fissiondimagiqa1+load5@gmail.com,202,1890,0.738112
fissiondimagiqa1+load1@gmail.com,202,277,0.795318
fissiondimagiqa1+load8@gmail.com,202,1901,0.741814
fissiondimagiqa1+load29@gmail.com,202,511,0.785444
fissiondimagiqa1+load16@gmail.com,202,2006,0.752089
fissiondimagiqa1+load5@gmail.com,202,1891,0.802327
fissiondimagiqa1+load1@gmail.com,202,278,0.787214
fissiondimagiqa1+load8@gmail.com,202,1902,0.7447
fissiondimagiqa1+load29@gmail.com,202,512,0.764365
fissiondimagiqa1+load16@gmail.com,202,2007,0.758292
fissiondimagiqa1+load5@gmail.com,202,1892,0.738352
fissiondimagiqa1+load1@gmail.com,202,279,0.767056
fissiondimagiqa1+load8@gmail.com,202,1903,0.792375
fissiondimagiqa1+load29@gmail.com,202,513,0.751928
fissiondimagiqa1+load16@gmail.com,202,2008,0.745828
